traveler_id,name,email,password,age,nationality,registration_date,is_approved,last_login_date_,admin_id
1,James Wilson,jwilson@example.com,P@ssw0rd123,34,American,2023-03-15,1,2025-04-18,3
2,Sofia Martinez,smartinez@example.com,Sofia2023!,29,Spanish,2023-04-22,1,2025-04-20,1
3,Raj Patel,rpatel@example.com,Secure456$,42,Indian,2023-02-10,1,2025-04-15,2
4,Emma Thompson,ethompson@example.com,EmmaT2023*,31,British,2023-05-18,1,2025-04-19,3
5,Liu Wei,lwei@example.com,Beijing789!,38,Chinese,2023-06-01,1,2025-04-17,1
6,Michael Johnson,mjohnson@example.com,MJ$ecure456,45,Canadian,2023-01-25,1,2025-04-16,2
7,Aisha Ahmed,aahmed@example.com,A1sha2023$,27,Egyptian,2023-07-12,1,2025-04-21,3
8,Hiroshi Tanaka,htanaka@example.com,T@naka2023,36,Japanese,2023-04-05,1,2025-04-20,1
9,Isabella Rossi,irossi@example.com,It@ly2023!,33,Italian,2023-03-30,1,2025-04-18,2
10,Carlos Mendez,cmendez@example.com,M3ndez#789,40,Mexican,2023-02-28,1,2025-04-15,3
11,Sarah Johnson,sjohnson@example.com,S@rah123!,26,Australian,2023-05-25,1,2025-04-19,1
12,Hans Mueller,hmueller@example.com,Germ@ny456,44,German,2023-06-15,1,2025-04-17,2
13,Olga Petrova,opetrova@example.com,Petr0va789#,30,Russian,2023-04-18,1,2025-04-20,3
14,Fatima Al-Saud,falsaud@example.com,S@udi2023!,35,Saudi Arabian,2023-03-22,1,2025-04-16,1
15,Pierre Dubois,pdubois@example.com,Fr@nce123$,41,French,2023-02-14,1,2025-04-15,2
16,Maria Silva,msilva@example.com,Br@zil2023!,28,Brazilian,2023-07-05,1,2025-04-21,3
17,Kim Min-ji,kmji@example.com,K0rea456#,32,South Korean,2023-05-30,1,2025-04-20,1
18,John Smith,jsmith@example.com,Sm1th789!,46,American,2023-01-20,1,2025-04-15,2
19,Priya Sharma,psharma@example.com,Pr1ya2023*,31,Indian,2023-06-08,1,2025-04-19,3
20,Ahmed Hassan,ahassan@example.com,C@iro123!,37,Egyptian,2023-04-12,1,2025-04-18,1
21,Anna Kowalski,akowalski@example.com,P0land456$,29,Polish,2023-03-05,1,2025-04-17,2
22,Javier Lopez,jlopez@example.com,Madr1d789!,43,Spanish,2023-02-25,1,2025-04-16,3
23,Anika Patel,apatel@example.com,A1nika2023*,25,Indian,2023-07-18,1,2025-04-21,1
24,Thomas Weber,tweber@example.com,Germ@ny123#,39,German,2023-05-10,1,2025-04-20,2
25,Yuki Sato,ysato@example.com,T0kyo456!,34,Japanese,2023-04-28,1,2025-04-19,3
26,Sophia Garcia,sgarcia@example.com,Mex1co789$,30,Mexican,2023-03-17,1,2025-04-18,1
27,David Lee,dlee@example.com,H0ngKong123!,38,Hong Kong,2023-02-05,1,2025-04-15,2
28,Elena Popova,epopova@example.com,M0scow456#,32,Russian,2023-06-22,1,2025-04-20,3
29,Mohammed Al-Fahad,malfahad@example.com,Dub@i789$,41,Emirati,2023-05-15,1,2025-04-19,1
30,Charlotte Wilson,cwilson@example.com,L0ndon123!,27,British,2023-04-03,1,2025-04-17,2
31,Marco Bianchi,mbianchi@example.com,R0me456#,45,Italian,2023-03-12,1,2025-04-16,3
32,Ji-Hye Kim,jkim@example.com,Se0ul789$,33,South Korean,2023-07-01,1,2025-04-21,1
33,Roberto Torres,rtorres@example.com,B@rcelona123!,36,Spanish,2023-02-18,1,2025-04-15,2
34,Mei Chen,mchen@example.com,Sh@nghai456#,28,Chinese,2023-06-05,1,2025-04-20,3
35,Sven Andersson,sandersson@example.com,Swed3n789$,42,Swedish,2023-05-20,1,2025-04-19,1
36,Leila Mahmoud,lmahmoud@example.com,C@iro123#,31,Egyptian,2023-04-15,1,2025-04-18,2
37,Akira Yamamoto,ayamamoto@example.com,J@pan456$,37,Japanese,2023-03-08,1,2025-04-17,3
38,Nina Petrova,npetrova@example.com,M0scow789!,26,Russian,2023-02-22,1,2025-04-16,1
39,Eduardo Santos,esantos@example.com,Lisb0n123#,39,Portuguese,2023-07-10,1,2025-04-21,2
40,Zara Khan,zkhan@example.com,P@kistan456$,34,Pakistani,2023-05-05,1,2025-04-20,3
41,Antoine Dupont,adupont@example.com,P@ris789!,40,French,2023-04-23,1,2025-04-19,1
42,Chiara Ricci,cricci@example.com,Mil@n123#,29,Italian,2023-03-28,1,2025-04-18,2
43,Lars Nielsen,lnielsen@example.com,Copenh@gen456$,43,Danish,2023-02-15,1,2025-04-16,3
44,Sun-Hi Park,spark@example.com,K0rea789!,32,South Korean,2023-06-18,1,2025-04-20,1
45,Olivia Brown,obrown@example.com,Sydn3y123#,35,Australian,2023-05-12,1,2025-04-19,2
46,Vikram Singh,vsingh@example.com,N3wDelhi456$,41,Indian,2023-04-08,1,2025-04-18,3
47,Ana Fernandez,afernandez@example.com,M@drid789!,27,Spanish,2023-03-25,1,2025-04-17,1
48,Kenji Nakamura,knakamura@example.com,Ky0to123#,38,Japanese,2023-02-10,1,2025-04-15,2
49,Mia Jensen,mjensen@example.com,C0penhagen456$,30,Danish,2023-07-22,1,2025-04-21,3
50,Hassan Khalil,hkhalil@example.com,C@iro789!,44,Egyptian,2023-06-10,1,2025-04-20,1
